,CC,AE,RMSE
1,1,0,0
2,0.43070019,0.401164007,0.493257138
3,0.178360728,1,1
4,0.573681397,0.944992051,0.934103398
